State,LGA,Ward,Community,nidhh,HouseHoldNo,HAddress,TrancheStatus,TotalAmount,FirstTrancheRecipient,FirstTrancheAccountNumber,FirstTrancheBankName,FirstTranchePaymentDate,FirstTranchePhone,FirstTrancheGender,FirstTrancheAge,FirstTrancheIDType,SecondTrancheRecipient,SecondTrancheAccountNumber,SecondTrancheBankName,SecondTranchePaymentDate,SecondTranchePhone,SecondTrancheGender,SecondTrancheAge,SecondTrancheIDType,ThirdTrancheRecipient,ThirdTrancheAccountNumber,ThirdTrancheBankName,ThirdTranchePaymentDate,ThirdTranchePhone,ThirdTrancheGender,ThirdTrancheAge,ThirdTrancheIDType
Lagos,Ikeja,Ward 1,Agege Community,NIDHH001,HH001,123 Main Street Agege Lagos,Completed,150000.00,John Adebayo,1234567890,First Bank of Nigeria,2024-01-15,08012345678,Male,45,NIN,Mary Adebayo,0987654321,Guaranty Trust Bank,2024-02-15,08087654321,Female,42,BVN,Peter Adebayo,1122334455,Zenith Bank,2024-03-15,08011223344,Male,20,Voters Card
Kano,Kano Municipal,Ward 2,Sabon Gari,NIDHH002,HH002,456 Market Road Sabon Gari Kano,Partial,100000.00,Fatima Ibrahim,2345678901,United Bank For Africa,2024-01-20,08023456789,Female,38,NIN,Ahmed Ibrahim,1098765432,Access Bank,2024-02-20,08098765432,Male,40,NIN,,,,,,,
Rivers,Port Harcourt,Ward 3,Mile 1 Diobu,NIDHH003,HH003,789 Creek Road Port Harcourt Rivers,NotStarted,0.00,,,,,,,,,,,,,,,,,,,
Kaduna,Kaduna North,Ward 4,Barnawa,NIDHH004,HH004,321 Independence Way Kaduna,Completed,180000.00,Grace Musa,3456789012,Sterling Bank,2024-01-10,08034567890,Female,35,Drivers License,David Musa,2109876543,Fidelity Bank,2024-02-10,08021098765,Male,37,NIN,Sarah Musa,2233445566,Wema Bank,2024-03-10,08022334455,Female,18,Voters Card
Ogun,Abeokuta South,Ward 5,Ake,NIDHH005,HH005,654 Abiola Way Abeokuta Ogun,Partial,75000.00,Olumide Ogundimu,4567890123,Ecobank Nigeria,2024-01-25,08045678901,Male,50,International Passport,Folake Ogundimu,3210987654,Heritage Bank,2024-02-25,08032109876,Female,48,BVN,,,,,,,
Anambra,Awka North,Ward 6,Amawbia,NIDHH006,HH006,987 Enugu-Onitsha Expressway Awka,NotStarted,0.00,,,,,,,,,,,,,,,,,,,
Delta,Warri South,Ward 7,Effurun,NIDHH007,HH007,147 Refinery Road Warri Delta,Completed,120000.00,Emeka Okoro,5678901234,Polaris Bank,2024-01-05,08056789012,Male,43,NIN,Chioma Okoro,4321098765,Standard Chartered Bank,2024-02-05,08043210987,Female,41,BVN,Kelechi Okoro,3344556677,Union Bank of Nigeria,2024-03-05,08033445566,Male,22,NIN
Plateau,Jos North,Ward 8,Bukuru,NIDHH008,HH008,258 Ahmadu Bello Way Jos Plateau,Partial,90000.00,Rebecca Danjuma,6789012345,Keystone Bank,2024-01-30,08067890123,Female,29,Voters Card,Joseph Danjuma,5432109876,Stanbic IBTC Bank,2024-02-28,08054321098,Male,31,NIN,,,,,,,
Bauchi,Bauchi,Ward 9,Yelwa,NIDHH009,HH009,369 Tafawa Balewa Way Bauchi,NotStarted,0.00,,,,,,,,,,,,,,,,,,,
Cross River,Calabar Municipal,Ward 10,Calabar South,NIDHH010,HH010,741 Calabar Road Calabar,Completed,200000.00,Blessing Edet,7890123456,Diamond Bank,2024-01-12,08078901234,Female,33,NIN,Sunday Edet,6543210987,Citibank Nigeria,2024-02-12,08065432109,Male,35,BVN,Joy Edet,4455667788,Unity Bank,2024-03-12,08044556677,Female,16,Other
